<?xml version="1.0" encoding="UTF-8"?>
<GenRun Id="synth_1" LaunchPart="xc7z020clg484-1" LaunchTime="1523390110">
  <File Type="PA-TCL" Name="matriz_celda_wrapper.tcl"/>
  <File Type="RDS-PROPCONSTRS" Name="matriz_celda_wrapper_drc_synth.rpt"/>
  <File Type="REPORTS-TCL" Name="matriz_celda_wrapper_reports.tcl"/>
  <File Type="RDS-RDS" Name="matriz_celda_wrapper.vds"/>
  <File Type="RDS-UTIL" Name="matriz_celda_wrapper_utilization_synth.rpt"/>
  <File Type="RDS-UTIL-PB" Name="matriz_celda_wrapper_utilization_synth.pb"/>
  <File Type="RDS-DCP" Name="matriz_celda_wrapper.dcp"/>
  <File Type="VDS-TIMINGSUMMARY" Name="matriz_celda_wrapper_timing_summary_synth.rpt"/>
  <File Type="VDS-TIMING-PB" Name="matriz_celda_wrapper_timing_summary_synth.pb"/>
  <FileSet Name="sources" Type="DesignSrcs" RelSrcDir="$PSRCDIR/sources_1">
    <Filter Type="Srcs"/>
    <File Path="$PSRCDIR/sources_1/bd/matriz_celda/matriz_celda.bd">
      <FileInfo>
        <Attr Name="UsedIn" Val="synthesis"/>
        <Attr Name="UsedIn" Val="implementation"/>
        <Attr Name="UsedIn" Val="simulation"/>
      </FileInfo>
    </File>
    <File Path="$PSRCDIR/sources_1/bd/matriz_celda/hdl/matriz_celda_wrapper.vhd">
      <FileInfo>
        <Attr Name="UsedIn" Val="synthesis"/>
        <Attr Name="UsedIn" Val="simulation"/>
      </FileInfo>
    </File>
    <File Path="$PSRCDIR/sources_1/imports/laboratorio empotrados/matriz_celdas.vhd">
      <FileInfo>
        <Attr Name="AutoDisabled" Val="1"/>
        <Attr Name="ImportPath" Val="$PPRDIR/../../../../otros/Universidad/Informatica/laboratorio empotrados/matriz_celdas.vhd"/>
        <Attr Name="ImportTime" Val="1455806512"/>
        <Attr Name="UsedIn" Val="synthesis"/>
        <Attr Name="UsedIn" Val="simulation"/>
      </FileInfo>
    </File>
    <File Path="$PSRCDIR/sources_1/imports/laboratorio empotrados/basic_cell1.vhd">
      <FileInfo>
        <Attr Name="AutoDisabled" Val="1"/>
        <Attr Name="ImportPath" Val="$PPRDIR/../../../../otros/Universidad/Informatica/laboratorio empotrados/basic_cell1.vhd"/>
        <Attr Name="ImportTime" Val="1519928911"/>
        <Attr Name="UsedIn" Val="synthesis"/>
        <Attr Name="UsedIn" Val="simulation"/>
      </FileInfo>
    </File>
    <File Path="$PSRCDIR/sources_1/imports/laboratorio empotrados/macro_celda1.vhd">
      <FileInfo>
        <Attr Name="AutoDisabled" Val="1"/>
        <Attr Name="ImportPath" Val="$PPRDIR/../../../../otros/Universidad/Informatica/laboratorio empotrados/macro_celda1.vhd"/>
        <Attr Name="ImportTime" Val="1519930619"/>
        <Attr Name="UsedIn" Val="synthesis"/>
        <Attr Name="UsedIn" Val="simulation"/>
      </FileInfo>
    </File>
    <Config>
      <Option Name="DesignMode" Val="RTL"/>
      <Option Name="TopModule" Val="matriz_celda_wrapper"/>
      <Option Name="TopAutoSet" Val="TRUE"/>
    </Config>
  </FileSet>
  <FileSet Name="constrs_in" Type="Constrs" RelSrcDir="$PSRCDIR/constrs_1">
    <Filter Type="Constrs"/>
    <Config>
      <Option Name="ConstrsType" Val="XDC"/>
    </Config>
  </FileSet>
  <Strategy Version="1" Minor="2">
    <StratHandle Name="Vivado Synthesis Defaults" Flow="Vivado Synthesis 2017"/>
    <Step Id="synth_design"/>
  </Strategy>
  <BlockFileSet Type="BlockSrcs" Name="matriz_celda_processing_system7_0_0"/>
  <BlockFileSet Type="BlockSrcs" Name="matriz_celda_rst_ps7_0_100M_0"/>
  <BlockFileSet Type="BlockSrcs" Name="matriz_celda_matriz_celda_0_0"/>
</GenRun>
