<?xml version="1.0" encoding="UTF-8"?>
<GenRun Id="impl_1" LaunchPart="xc7z020clg484-1" LaunchTime="1523390113">
  <File Type="PWROPT-DCP" Name="matriz_celda_wrapper_pwropt.dcp"/>
  <File Type="ROUTE-PWR" Name="matriz_celda_wrapper_power_routed.rpt"/>
  <File Type="PA-TCL" Name="matriz_celda_wrapper.tcl"/>
  <File Type="ROUTE-PWR-SUM" Name="matriz_celda_wrapper_power_summary_routed.pb"/>
  <File Type="REPORTS-TCL" Name="matriz_celda_wrapper_reports.tcl"/>
  <File Type="BG-DRC" Name="matriz_celda_wrapper.drc"/>
  <File Type="OPT-METHODOLOGY-DRC" Name="matriz_celda_wrapper_methodology_drc_opted.rpt"/>
  <File Type="INIT-TIMING" Name="matriz_celda_wrapper_timing_summary_init.rpt"/>
  <File Type="OPT-HWDEF" Name="matriz_celda_wrapper.hwdef"/>
  <File Type="OPT-DCP" Name="matriz_celda_wrapper_opt.dcp"/>
  <File Type="OPT-DRC" Name="matriz_celda_wrapper_drc_opted.rpt"/>
  <File Type="OPT-TIMING" Name="matriz_celda_wrapper_timing_summary_opted.rpt"/>
  <File Type="PWROPT-DRC" Name="matriz_celda_wrapper_drc_pwropted.rpt"/>
  <File Type="PWROPT-TIMING" Name="matriz_celda_wrapper_timing_summary_pwropted.rpt"/>
  <File Type="PLACE-DCP" Name="matriz_celda_wrapper_placed.dcp"/>
  <File Type="PLACE-IO" Name="matriz_celda_wrapper_io_placed.rpt"/>
  <File Type="PLACE-CLK" Name="matriz_celda_wrapper_clock_utilization_placed.rpt"/>
  <File Type="PLACE-UTIL" Name="matriz_celda_wrapper_utilization_placed.rpt"/>
  <File Type="PLACE-UTIL-PB" Name="matriz_celda_wrapper_utilization_placed.pb"/>
  <File Type="PLACE-CTRL" Name="matriz_celda_wrapper_control_sets_placed.rpt"/>
  <File Type="PLACE-SIMILARITY" Name="matriz_celda_wrapper_incremental_reuse_placed.rpt"/>
  <File Type="PLACE-PRE-SIMILARITY" Name="matriz_celda_wrapper_incremental_reuse_pre_placed.rpt"/>
  <File Type="PLACE-TIMING" Name="matriz_celda_wrapper_timing_summary_placed.rpt"/>
  <File Type="POSTPLACE-PWROPT-DCP" Name="matriz_celda_wrapper_postplace_pwropt.dcp"/>
  <File Type="POSTPLACE-PWROPT-TIMING" Name="matriz_celda_wrapper_timing_summary_postplace_pwropted.rpt"/>
  <File Type="PHYSOPT-DCP" Name="matriz_celda_wrapper_physopt.dcp"/>
  <File Type="PHYSOPT-DRC" Name="matriz_celda_wrapper_drc_physopted.rpt"/>
  <File Type="BG-BIT" Name="matriz_celda_wrapper.bit"/>
  <File Type="PHYSOPT-TIMING" Name="matriz_celda_wrapper_timing_summary_physopted.rpt"/>
  <File Type="ROUTE-ERROR-DCP" Name="matriz_celda_wrapper_routed_error.dcp"/>
  <File Type="ROUTE-DCP" Name="matriz_celda_wrapper_routed.dcp"/>
  <File Type="ROUTE-BLACKBOX-DCP" Name="matriz_celda_wrapper_routed_bb.dcp"/>
  <File Type="ROUTE-DRC" Name="matriz_celda_wrapper_drc_routed.rpt"/>
  <File Type="ROUTE-DRC-PB" Name="matriz_celda_wrapper_drc_routed.pb"/>
  <File Type="BITSTR-MSK" Name="matriz_celda_wrapper.msk"/>
  <File Type="ROUTE-DRC-RPX" Name="matriz_celda_wrapper_drc_routed.rpx"/>
  <File Type="BG-BGN" Name="matriz_celda_wrapper.bgn"/>
  <File Type="ROUTE-METHODOLOGY-DRC" Name="matriz_celda_wrapper_methodology_drc_routed.rpt"/>
  <File Type="BITSTR-RBT" Name="matriz_celda_wrapper.rbt"/>
  <File Type="ROUTE-METHODOLOGY-DRC-RPX" Name="matriz_celda_wrapper_methodology_drc_routed.rpx"/>
  <File Type="BG-BIN" Name="matriz_celda_wrapper.bin"/>
  <File Type="ROUTE-METHODOLOGY-DRC-PB" Name="matriz_celda_wrapper_methodology_drc_routed.pb"/>
  <File Type="ROUTE-PWR-RPX" Name="matriz_celda_wrapper_power_routed.rpx"/>
  <File Type="ROUTE-STATUS" Name="matriz_celda_wrapper_route_status.rpt"/>
  <File Type="ROUTE-STATUS-PB" Name="matriz_celda_wrapper_route_status.pb"/>
  <File Type="ROUTE-TIMINGSUMMARY" Name="matriz_celda_wrapper_timing_summary_routed.rpt"/>
  <File Type="ROUTE-TIMING-PB" Name="matriz_celda_wrapper_timing_summary_routed.pb"/>
  <File Type="ROUTE-TIMING-RPX" Name="matriz_celda_wrapper_timing_summary_routed.rpx"/>
  <File Type="ROUTE-SIMILARITY" Name="matriz_celda_wrapper_incremental_reuse_routed.rpt"/>
  <File Type="RDI-RDI" Name="matriz_celda_wrapper.vdi"/>
  <File Type="ROUTE-CLK" Name="matriz_celda_wrapper_clock_utilization_routed.rpt"/>
  <File Type="POSTROUTE-PHYSOPT-DCP" Name="matriz_celda_wrapper_postroute_physopt.dcp"/>
  <File Type="POSTROUTE-PHYSOPT-BLACKBOX-DCP" Name="matriz_celda_wrapper_postroute_physopt_bb.dcp"/>
  <File Type="POSTROUTE-PHYSOPT-TIMING" Name="matriz_celda_wrapper_timing_summary_postroute_physopted.rpt"/>
  <File Type="POSTROUTE-PHYSOPT-TIMING-PB" Name="matriz_celda_wrapper_timing_summary_postroute_physopted.pb"/>
  <File Type="POSTROUTE-PHYSOPT-TIMING-RPX" Name="matriz_celda_wrapper_timing_summary_postroute_physopted.rpx"/>
  <File Type="BITSTR-NKY" Name="matriz_celda_wrapper.nky"/>
  <File Type="BITSTR-BMM" Name="matriz_celda_wrapper_bd.bmm"/>
  <File Type="BITSTR-MMI" Name="matriz_celda_wrapper.mmi"/>
  <File Type="BITSTR-LTX" Name="debug_nets.ltx"/>
  <File Type="BITSTR-LTX" Name="matriz_celda_wrapper.ltx"/>
  <File Type="BITSTR-SYSDEF" Name="matriz_celda_wrapper.sysdef"/>
  <File Type="WBT-USG" Name="usage_statistics_webtalk.html"/>
  <FileSet Name="sources" Type="DesignSrcs" RelSrcDir="$PSRCDIR/sources_1">
    <Filter Type="Srcs"/>
    <File Path="$PSRCDIR/sources_1/bd/matriz_celda/matriz_celda.bd">
      <FileInfo>
        <Attr Name="UsedIn" Val="synthesis"/>
        <Attr Name="UsedIn" Val="implementation"/>
        <Attr Name="UsedIn" Val="simulation"/>
      </FileInfo>
    </File>
    <File Path="$PSRCDIR/sources_1/bd/matriz_celda/hdl/matriz_celda_wrapper.vhd">
      <FileInfo>
        <Attr Name="UsedIn" Val="synthesis"/>
        <Attr Name="UsedIn" Val="simulation"/>
      </FileInfo>
    </File>
    <File Path="$PSRCDIR/sources_1/imports/laboratorio empotrados/matriz_celdas.vhd">
      <FileInfo>
        <Attr Name="AutoDisabled" Val="1"/>
        <Attr Name="ImportPath" Val="$PPRDIR/../../../../otros/Universidad/Informatica/laboratorio empotrados/matriz_celdas.vhd"/>
        <Attr Name="ImportTime" Val="1455806512"/>
        <Attr Name="UsedIn" Val="synthesis"/>
        <Attr Name="UsedIn" Val="simulation"/>
      </FileInfo>
    </File>
    <File Path="$PSRCDIR/sources_1/imports/laboratorio empotrados/basic_cell1.vhd">
      <FileInfo>
        <Attr Name="AutoDisabled" Val="1"/>
        <Attr Name="ImportPath" Val="$PPRDIR/../../../../otros/Universidad/Informatica/laboratorio empotrados/basic_cell1.vhd"/>
        <Attr Name="ImportTime" Val="1519928911"/>
        <Attr Name="UsedIn" Val="synthesis"/>
        <Attr Name="UsedIn" Val="simulation"/>
      </FileInfo>
    </File>
    <File Path="$PSRCDIR/sources_1/imports/laboratorio empotrados/macro_celda1.vhd">
      <FileInfo>
        <Attr Name="AutoDisabled" Val="1"/>
        <Attr Name="ImportPath" Val="$PPRDIR/../../../../otros/Universidad/Informatica/laboratorio empotrados/macro_celda1.vhd"/>
        <Attr Name="ImportTime" Val="1519930619"/>
        <Attr Name="UsedIn" Val="synthesis"/>
        <Attr Name="UsedIn" Val="simulation"/>
      </FileInfo>
    </File>
    <Config>
      <Option Name="DesignMode" Val="RTL"/>
      <Option Name="TopModule" Val="matriz_celda_wrapper"/>
      <Option Name="TopAutoSet" Val="TRUE"/>
    </Config>
  </FileSet>
  <FileSet Name="constrs_in" Type="Constrs" RelSrcDir="$PSRCDIR/constrs_1">
    <Filter Type="Constrs"/>
    <Config>
      <Option Name="ConstrsType" Val="XDC"/>
    </Config>
  </FileSet>
  <Strategy Version="1" Minor="2">
    <StratHandle Name="Vivado Implementation Defaults" Flow="Vivado Implementation 2017"/>
    <Step Id="init_design"/>
    <Step Id="opt_design"/>
    <Step Id="power_opt_design"/>
    <Step Id="place_design"/>
    <Step Id="post_place_power_opt_design"/>
    <Step Id="phys_opt_design"/>
    <Step Id="route_design"/>
    <Step Id="post_route_phys_opt_design"/>
    <Step Id="write_bitstream"/>
  </Strategy>
  <BlockFileSet Type="BlockSrcs" Name="matriz_celda_processing_system7_0_0"/>
  <BlockFileSet Type="BlockSrcs" Name="matriz_celda_rst_ps7_0_100M_0"/>
  <BlockFileSet Type="BlockSrcs" Name="matriz_celda_matriz_celda_0_0"/>
</GenRun>
