<?xml version="1.0" encoding="UTF-8"?>
<GenRun Id="u_externa_processing_system7_0_0_synth_1" LaunchPart="xc7z020clg484-1" LaunchTime="1527259348">
  <File Type="PA-TCL" Name="u_externa_processing_system7_0_0.tcl"/>
  <File Type="REPORTS-TCL" Name="u_externa_processing_system7_0_0_reports.tcl"/>
  <File Type="RDS-RDS" Name="u_externa_processing_system7_0_0.vds"/>
  <File Type="RDS-UTIL" Name="u_externa_processing_system7_0_0_utilization_synth.rpt"/>
  <File Type="RDS-UTIL-PB" Name="u_externa_processing_system7_0_0_utilization_synth.pb"/>
  <File Type="RDS-DCP" Name="u_externa_processing_system7_0_0.dcp"/>
  <FileSet Name="sources" Type="BlockSrcs" RelSrcDir="$PSRCDIR/u_externa_processing_system7_0_0">
    <File Path="$PSRCDIR/sources_1/bd/u_externa/ip/u_externa_processing_system7_0_0/u_externa_processing_system7_0_0.xci">
      <FileInfo>
        <Attr Name="ImportPath" Val="E:/Dariel/Otros/Programacion/Xilinx/Vivado/bottom_top/bottom_top.srcs/sources_1/bd/u_externa/ip/u_externa_processing_system7_0_0/u_externa_processing_system7_0_0.xci"/>
        <Attr Name="ImportTime" Val="1527259291"/>
        <Attr Name="UsedIn" Val="synthesis"/>
        <Attr Name="UsedIn" Val="implementation"/>
        <Attr Name="UsedIn" Val="simulation"/>
      </FileInfo>
    </File>
    <Config>
      <Option Name="TopModule" Val="u_externa_processing_system7_0_0"/>
      <Option Name="UseBlackboxStub" Val="1"/>
    </Config>
  </FileSet>
  <FileSet Name="constrs_in" Type="BlockSrcs" RelSrcDir="$PSRCDIR/u_externa_processing_system7_0_0">
    <File Path="$PSRCDIR/sources_1/bd/u_externa/ip/u_externa_processing_system7_0_0/u_externa_processing_system7_0_0.xci">
      <FileInfo>
        <Attr Name="ImportPath" Val="E:/Dariel/Otros/Programacion/Xilinx/Vivado/bottom_top/bottom_top.srcs/sources_1/bd/u_externa/ip/u_externa_processing_system7_0_0/u_externa_processing_system7_0_0.xci"/>
        <Attr Name="ImportTime" Val="1527259291"/>
        <Attr Name="UsedIn" Val="synthesis"/>
        <Attr Name="UsedIn" Val="implementation"/>
        <Attr Name="UsedIn" Val="simulation"/>
      </FileInfo>
    </File>
    <Config>
      <Option Name="TopModule" Val="u_externa_processing_system7_0_0"/>
      <Option Name="UseBlackboxStub" Val="1"/>
    </Config>
  </FileSet>
  <Strategy Version="1" Minor="2">
    <StratHandle Name="Vivado Synthesis Defaults" Flow="Vivado Synthesis 2017"/>
    <Step Id="synth_design"/>
  </Strategy>
</GenRun>
