<?xml version="1.0" encoding="UTF-8"?>
<GenRun Id="impl_1" LaunchPart="xc7z020clg484-1" LaunchTime="1527259595">
  <File Type="ROUTE-PWR" Name="u_externa_wrapper_power_routed.rpt"/>
  <File Type="PA-TCL" Name="u_externa_wrapper.tcl"/>
  <File Type="PWROPT-DCP" Name="u_externa_wrapper_pwropt.dcp"/>
  <File Type="ROUTE-PWR-SUM" Name="u_externa_wrapper_power_summary_routed.pb"/>
  <File Type="REPORTS-TCL" Name="u_externa_wrapper_reports.tcl"/>
  <File Type="BG-DRC" Name="u_externa_wrapper.drc"/>
  <File Type="OPT-HWDEF" Name="u_externa_wrapper.hwdef"/>
  <File Type="OPT-DCP" Name="u_externa_wrapper_opt.dcp"/>
  <File Type="OPT-DRC" Name="u_externa_wrapper_drc_opted.rpt"/>
  <File Type="PLACE-DCP" Name="u_externa_wrapper_placed.dcp"/>
  <File Type="PLACE-IO" Name="u_externa_wrapper_io_placed.rpt"/>
  <File Type="PLACE-UTIL" Name="u_externa_wrapper_utilization_placed.rpt"/>
  <File Type="PLACE-UTIL-PB" Name="u_externa_wrapper_utilization_placed.pb"/>
  <File Type="PLACE-CTRL" Name="u_externa_wrapper_control_sets_placed.rpt"/>
  <File Type="PLACE-PRE-SIMILARITY" Name="u_externa_wrapper_incremental_reuse_pre_placed.rpt"/>
  <File Type="POSTPLACE-PWROPT-DCP" Name="u_externa_wrapper_postplace_pwropt.dcp"/>
  <File Type="PHYSOPT-DCP" Name="u_externa_wrapper_physopt.dcp"/>
  <File Type="BG-BIT" Name="u_externa_wrapper.bit"/>
  <File Type="ROUTE-ERROR-DCP" Name="u_externa_wrapper_routed_error.dcp"/>
  <File Type="ROUTE-DCP" Name="u_externa_wrapper_routed.dcp"/>
  <File Type="ROUTE-BLACKBOX-DCP" Name="u_externa_wrapper_routed_bb.dcp"/>
  <File Type="ROUTE-DRC" Name="u_externa_wrapper_drc_routed.rpt"/>
  <File Type="ROUTE-DRC-PB" Name="u_externa_wrapper_drc_routed.pb"/>
  <File Type="ROUTE-DRC-RPX" Name="u_externa_wrapper_drc_routed.rpx"/>
  <File Type="BITSTR-MSK" Name="u_externa_wrapper.msk"/>
  <File Type="ROUTE-METHODOLOGY-DRC" Name="u_externa_wrapper_methodology_drc_routed.rpt"/>
  <File Type="BG-BGN" Name="u_externa_wrapper.bgn"/>
  <File Type="ROUTE-METHODOLOGY-DRC-RPX" Name="u_externa_wrapper_methodology_drc_routed.rpx"/>
  <File Type="BITSTR-RBT" Name="u_externa_wrapper.rbt"/>
  <File Type="ROUTE-METHODOLOGY-DRC-PB" Name="u_externa_wrapper_methodology_drc_routed.pb"/>
  <File Type="BG-BIN" Name="u_externa_wrapper.bin"/>
  <File Type="ROUTE-PWR-RPX" Name="u_externa_wrapper_power_routed.rpx"/>
  <File Type="ROUTE-STATUS" Name="u_externa_wrapper_route_status.rpt"/>
  <File Type="ROUTE-STATUS-PB" Name="u_externa_wrapper_route_status.pb"/>
  <File Type="ROUTE-TIMINGSUMMARY" Name="u_externa_wrapper_timing_summary_routed.rpt"/>
  <File Type="ROUTE-TIMING-PB" Name="u_externa_wrapper_timing_summary_routed.pb"/>
  <File Type="ROUTE-TIMING-RPX" Name="u_externa_wrapper_timing_summary_routed.rpx"/>
  <File Type="ROUTE-CLK" Name="u_externa_wrapper_clock_utilization_routed.rpt"/>
  <File Type="RDI-RDI" Name="u_externa_wrapper.vdi"/>
  <File Type="POSTROUTE-PHYSOPT-DCP" Name="u_externa_wrapper_postroute_physopt.dcp"/>
  <File Type="POSTROUTE-PHYSOPT-BLACKBOX-DCP" Name="u_externa_wrapper_postroute_physopt_bb.dcp"/>
  <File Type="BITSTR-NKY" Name="u_externa_wrapper.nky"/>
  <File Type="BITSTR-BMM" Name="u_externa_wrapper_bd.bmm"/>
  <File Type="BITSTR-MMI" Name="u_externa_wrapper.mmi"/>
  <File Type="BITSTR-LTX" Name="u_externa_wrapper.ltx"/>
  <File Type="BITSTR-SYSDEF" Name="u_externa_wrapper.sysdef"/>
  <File Type="WBT-USG" Name="usage_statistics_webtalk.html"/>
  <FileSet Name="sources" Type="DesignSrcs" RelSrcDir="$PSRCDIR/sources_1">
    <Filter Type="Srcs"/>
    <File Path="$PSRCDIR/sources_1/bd/u_externa/u_externa.bd">
      <FileInfo>
        <Attr Name="ImportPath" Val="E:/Dariel/Otros/Programacion/Xilinx/Vivado/bottom_top/bottom_top.srcs/sources_1/bd/u_externa/u_externa.bd"/>
        <Attr Name="ImportTime" Val="1527259292"/>
        <Attr Name="UsedIn" Val="synthesis"/>
        <Attr Name="UsedIn" Val="implementation"/>
        <Attr Name="UsedIn" Val="simulation"/>
      </FileInfo>
    </File>
    <File Path="$PSRCDIR/sources_1/bd/u_externa/hdl/u_externa_wrapper.vhd">
      <FileInfo>
        <Attr Name="ImportPath" Val="E:/Dariel/Otros/Programacion/Xilinx/Vivado/bottom_top/bottom_top.srcs/sources_1/bd/u_externa/hdl/u_externa_wrapper.vhd"/>
        <Attr Name="ImportTime" Val="1527259317"/>
        <Attr Name="UsedIn" Val="synthesis"/>
        <Attr Name="UsedIn" Val="simulation"/>
      </FileInfo>
    </File>
    <Config>
      <Option Name="DesignMode" Val="RTL"/>
      <Option Name="TopModule" Val="u_externa_wrapper"/>
      <Option Name="TopAutoSet" Val="TRUE"/>
    </Config>
  </FileSet>
  <FileSet Name="constrs_in" Type="Constrs" RelSrcDir="$PSRCDIR/constrs_1">
    <Filter Type="Constrs"/>
    <Config>
      <Option Name="ConstrsType" Val="XDC"/>
    </Config>
  </FileSet>
  <Strategy Version="1" Minor="2">
    <StratHandle Name="Vivado Implementation Defaults" Flow="Vivado Implementation 2017"/>
    <Step Id="init_design"/>
    <Step Id="opt_design"/>
    <Step Id="power_opt_design"/>
    <Step Id="place_design"/>
    <Step Id="post_place_power_opt_design"/>
    <Step Id="phys_opt_design"/>
    <Step Id="route_design"/>
    <Step Id="post_route_phys_opt_design"/>
    <Step Id="write_bitstream"/>
  </Strategy>
  <BlockFileSet Type="BlockSrcs" Name="u_externa_processing_system7_0_0"/>
  <BlockFileSet Type="BlockSrcs" Name="u_externa_u_general_0_0"/>
  <BlockFileSet Type="BlockSrcs" Name="u_externa_rst_ps7_0_100M_0"/>
  <BlockFileSet Type="BlockSrcs" Name="u_externa_auto_pc_0"/>
</GenRun>
