<?xml version="1.0"?>
<Runs Version="1" Minor="0">
	<Run Id="n_basic_neurona_0_0_synth_1" LaunchDir="E:/Dariel/Otros/Programacion/Xilinx/Vivado/n_basic/n_basic.runs/n_basic_neurona_0_0_synth_1" FlowId="Vivado_Synthesis" FromStepId="vivado" ToStepId="vivado"/>
	<Run Id="synth_1" LaunchDir="E:/Dariel/Otros/Programacion/Xilinx/Vivado/n_basic/n_basic.runs/synth_1" FlowId="Vivado_Synthesis" FromStepId="vivado" ToStepId="vivado">
		<Parent Id="n_basic_neurona_0_0_synth_1"/>
	</Run>
	<Run Id="impl_1" LaunchDir="E:/Dariel/Otros/Programacion/Xilinx/Vivado/n_basic/n_basic.runs/impl_1" FlowId="Vivado_Implementation" FromStepId="init_design" ToStepId="write_bitstream">
		<Parent Id="synth_1"/>
		<Parent Id="n_basic_neurona_0_0_synth_1"/>
	</Run>
</Runs>

