<?xml version="1.0" encoding="UTF-8"?>
<GenRun Id="n_basic_axi_gpio_0_1_synth_1" LaunchPart="xc7z020clg484-1" LaunchTime="1524051656">
  <File Type="PA-TCL" Name="n_basic_axi_gpio_0_1.tcl"/>
  <File Type="REPORTS-TCL" Name="n_basic_axi_gpio_0_1_reports.tcl"/>
  <File Type="RDS-RDS" Name="n_basic_axi_gpio_0_1.vds"/>
  <File Type="RDS-UTIL" Name="n_basic_axi_gpio_0_1_utilization_synth.rpt"/>
  <File Type="RDS-UTIL-PB" Name="n_basic_axi_gpio_0_1_utilization_synth.pb"/>
  <File Type="RDS-DCP" Name="n_basic_axi_gpio_0_1.dcp"/>
  <FileSet Name="sources" Type="BlockSrcs" RelSrcDir="$PSRCDIR/n_basic_axi_gpio_0_1">
    <File Path="$PSRCDIR/sources_1/bd/n_basic/ip/n_basic_axi_gpio_0_1/n_basic_axi_gpio_0_1.xci">
      <FileInfo>
        <Attr Name="UsedIn" Val="synthesis"/>
        <Attr Name="UsedIn" Val="implementation"/>
        <Attr Name="UsedIn" Val="simulation"/>
      </FileInfo>
    </File>
    <Config>
      <Option Name="TopModule" Val="n_basic_axi_gpio_0_1"/>
      <Option Name="UseBlackboxStub" Val="1"/>
    </Config>
  </FileSet>
  <FileSet Name="constrs_in" Type="BlockSrcs" RelSrcDir="$PSRCDIR/n_basic_axi_gpio_0_1">
    <File Path="$PSRCDIR/sources_1/bd/n_basic/ip/n_basic_axi_gpio_0_1/n_basic_axi_gpio_0_1.xci">
      <FileInfo>
        <Attr Name="UsedIn" Val="synthesis"/>
        <Attr Name="UsedIn" Val="implementation"/>
        <Attr Name="UsedIn" Val="simulation"/>
      </FileInfo>
    </File>
    <Config>
      <Option Name="TopModule" Val="n_basic_axi_gpio_0_1"/>
      <Option Name="UseBlackboxStub" Val="1"/>
    </Config>
  </FileSet>
  <Strategy Version="1" Minor="2">
    <StratHandle Name="Vivado Synthesis Defaults" Flow="Vivado Synthesis 2017"/>
    <Step Id="synth_design"/>
  </Strategy>
</GenRun>
