<?xml version="1.0" encoding="UTF-8"?>
<GenRun Id="synth_1" LaunchPart="xc7z020clg484-1" LaunchTime="1524061101">
  <File Type="PA-TCL" Name="n_basic_wrapper.tcl"/>
  <File Type="RDS-PROPCONSTRS" Name="n_basic_wrapper_drc_synth.rpt"/>
  <File Type="REPORTS-TCL" Name="n_basic_wrapper_reports.tcl"/>
  <File Type="RDS-RDS" Name="n_basic_wrapper.vds"/>
  <File Type="RDS-UTIL" Name="n_basic_wrapper_utilization_synth.rpt"/>
  <File Type="RDS-UTIL-PB" Name="n_basic_wrapper_utilization_synth.pb"/>
  <File Type="RDS-DCP" Name="n_basic_wrapper.dcp"/>
  <File Type="VDS-TIMINGSUMMARY" Name="n_basic_wrapper_timing_summary_synth.rpt"/>
  <File Type="VDS-TIMING-PB" Name="n_basic_wrapper_timing_summary_synth.pb"/>
  <FileSet Name="sources" Type="DesignSrcs" RelSrcDir="$PSRCDIR/sources_1">
    <Filter Type="Srcs"/>
    <File Path="$PSRCDIR/sources_1/bd/n_basic/n_basic.bd">
      <FileInfo>
        <Attr Name="UsedIn" Val="synthesis"/>
        <Attr Name="UsedIn" Val="implementation"/>
        <Attr Name="UsedIn" Val="simulation"/>
      </FileInfo>
    </File>
    <File Path="$PSRCDIR/sources_1/bd/n_basic/hdl/n_basic_wrapper.vhd">
      <FileInfo>
        <Attr Name="UsedIn" Val="synthesis"/>
        <Attr Name="UsedIn" Val="simulation"/>
      </FileInfo>
    </File>
    <Config>
      <Option Name="DesignMode" Val="RTL"/>
      <Option Name="TopModule" Val="n_basic_wrapper"/>
      <Option Name="TopAutoSet" Val="TRUE"/>
    </Config>
  </FileSet>
  <FileSet Name="constrs_in" Type="Constrs" RelSrcDir="$PSRCDIR/constrs_1">
    <Filter Type="Constrs"/>
    <Config>
      <Option Name="ConstrsType" Val="XDC"/>
    </Config>
  </FileSet>
  <Strategy Version="1" Minor="2">
    <StratHandle Name="Vivado Synthesis Defaults" Flow="Vivado Synthesis 2017"/>
    <Step Id="synth_design"/>
  </Strategy>
  <BlockFileSet Type="BlockSrcs" Name="n_basic_processing_system7_0_0"/>
  <BlockFileSet Type="BlockSrcs" Name="n_basic_neurona_0_0"/>
  <BlockFileSet Type="BlockSrcs" Name="n_basic_rst_ps7_0_100M_1"/>
  <BlockFileSet Type="BlockSrcs" Name="n_basic_axi_gpio_0_1"/>
  <BlockFileSet Type="BlockSrcs" Name="n_basic_xbar_1"/>
</GenRun>
