<?xml version="1.0"?>
<Runs Version="1" Minor="0">
	<Run Id="matriz_celda_matriz_celda_0_0_synth_1" LaunchDir="E:/Dariel/Otros/Programacion/Xilinx/Vivado/reversi/reversi.runs/matriz_celda_matriz_celda_0_0_synth_1" FlowId="Vivado_Synthesis" FromStepId="vivado" ToStepId="vivado"/>
	<Run Id="matriz_celda_processing_system7_0_0_synth_1" LaunchDir="E:/Dariel/Otros/Programacion/Xilinx/Vivado/reversi/reversi.runs/matriz_celda_processing_system7_0_0_synth_1" FlowId="Vivado_Synthesis" FromStepId="vivado" ToStepId="vivado"/>
	<Run Id="matriz_celda_rst_ps7_0_100M_0_synth_1" LaunchDir="E:/Dariel/Otros/Programacion/Xilinx/Vivado/reversi/reversi.runs/matriz_celda_rst_ps7_0_100M_0_synth_1" FlowId="Vivado_Synthesis" FromStepId="vivado" ToStepId="vivado"/>
	<Run Id="matriz_celda_auto_pc_0_synth_1" LaunchDir="E:/Dariel/Otros/Programacion/Xilinx/Vivado/reversi/reversi.runs/matriz_celda_auto_pc_0_synth_1" FlowId="Vivado_Synthesis" FromStepId="vivado" ToStepId="vivado"/>
	<Run Id="synth_1" LaunchDir="E:/Dariel/Otros/Programacion/Xilinx/Vivado/reversi/reversi.runs/synth_1" FlowId="Vivado_Synthesis" FromStepId="vivado" ToStepId="vivado">
		<Parent Id="matriz_celda_matriz_celda_0_0_synth_1"/>
		<Parent Id="matriz_celda_processing_system7_0_0_synth_1"/>
		<Parent Id="matriz_celda_rst_ps7_0_100M_0_synth_1"/>
		<Parent Id="matriz_celda_auto_pc_0_synth_1"/>
	</Run>
	<Run Id="impl_1" LaunchDir="E:/Dariel/Otros/Programacion/Xilinx/Vivado/reversi/reversi.runs/impl_1" FlowId="Vivado_Implementation" FromStepId="init_design" ToStepId="write_bitstream">
		<Parent Id="synth_1"/>
		<Parent Id="matriz_celda_matriz_celda_0_0_synth_1"/>
		<Parent Id="matriz_celda_processing_system7_0_0_synth_1"/>
		<Parent Id="matriz_celda_rst_ps7_0_100M_0_synth_1"/>
		<Parent Id="matriz_celda_auto_pc_0_synth_1"/>
	</Run>
</Runs>

