<?xml version="1.0" encoding="UTF-8"?>
<GenRun Id="synth_1" LaunchPart="xc7z020clg484-1" LaunchTime="1527259595">
  <File Type="PA-TCL" Name="u_externa_wrapper.tcl"/>
  <File Type="REPORTS-TCL" Name="u_externa_wrapper_reports.tcl"/>
  <File Type="RDS-RDS" Name="u_externa_wrapper.vds"/>
  <File Type="RDS-UTIL" Name="u_externa_wrapper_utilization_synth.rpt"/>
  <File Type="RDS-UTIL-PB" Name="u_externa_wrapper_utilization_synth.pb"/>
  <File Type="RDS-DCP" Name="u_externa_wrapper.dcp"/>
  <FileSet Name="sources" Type="DesignSrcs" RelSrcDir="$PSRCDIR/sources_1">
    <Filter Type="Srcs"/>
    <File Path="$PSRCDIR/sources_1/bd/u_externa/u_externa.bd">
      <FileInfo>
        <Attr Name="ImportPath" Val="E:/Dariel/Otros/Programacion/Xilinx/Vivado/bottom_top/bottom_top.srcs/sources_1/bd/u_externa/u_externa.bd"/>
        <Attr Name="ImportTime" Val="1527259292"/>
        <Attr Name="UsedIn" Val="synthesis"/>
        <Attr Name="UsedIn" Val="implementation"/>
        <Attr Name="UsedIn" Val="simulation"/>
      </FileInfo>
    </File>
    <File Path="$PSRCDIR/sources_1/bd/u_externa/hdl/u_externa_wrapper.vhd">
      <FileInfo>
        <Attr Name="ImportPath" Val="E:/Dariel/Otros/Programacion/Xilinx/Vivado/bottom_top/bottom_top.srcs/sources_1/bd/u_externa/hdl/u_externa_wrapper.vhd"/>
        <Attr Name="ImportTime" Val="1527259317"/>
        <Attr Name="UsedIn" Val="synthesis"/>
        <Attr Name="UsedIn" Val="simulation"/>
      </FileInfo>
    </File>
    <Config>
      <Option Name="DesignMode" Val="RTL"/>
      <Option Name="TopModule" Val="u_externa_wrapper"/>
      <Option Name="TopAutoSet" Val="TRUE"/>
    </Config>
  </FileSet>
  <FileSet Name="constrs_in" Type="Constrs" RelSrcDir="$PSRCDIR/constrs_1">
    <Filter Type="Constrs"/>
    <Config>
      <Option Name="ConstrsType" Val="XDC"/>
    </Config>
  </FileSet>
  <Strategy Version="1" Minor="2">
    <StratHandle Name="Vivado Synthesis Defaults" Flow="Vivado Synthesis 2017"/>
    <Step Id="synth_design"/>
  </Strategy>
  <BlockFileSet Type="BlockSrcs" Name="u_externa_processing_system7_0_0"/>
  <BlockFileSet Type="BlockSrcs" Name="u_externa_u_general_0_0"/>
  <BlockFileSet Type="BlockSrcs" Name="u_externa_rst_ps7_0_100M_0"/>
  <BlockFileSet Type="BlockSrcs" Name="u_externa_auto_pc_0"/>
</GenRun>
